timestamp,test_distance,target_id,x_mm,y_mm,z_mm
1777927757.421504,0.5m,0,-80,5,528
1777927757.474611,0.5m,0,-80,5,527
1777927757.5312269,0.5m,0,-80,5,527
1777927757.587393,0.5m,0,-81,5,530
1777927757.638231,0.5m,0,-80,5,529
1777927757.692152,0.5m,0,-81,5,528
1777927757.747607,0.5m,0,-81,5,528
1777927757.798514,0.5m,0,-80,5,527
1777927757.854979,0.5m,0,-80,5,528
1777927757.907249,0.5m,0,-79,5,525
1777927757.964525,0.5m,0,-80,5,529
1777927758.01958,0.5m,0,-81,5,530
1777927758.066565,0.5m,0,-80,5,530
1777927758.122171,0.5m,0,-80,5,529
1777927758.177431,0.5m,0,-80,5,529
1777927758.23169,0.5m,0,-80,5,527
1777927758.2870011,0.5m,0,-79,5,525
1777927758.335659,0.5m,0,-80,5,528
1777927758.387723,0.5m,0,-80,5,526
1777927758.44861,0.5m,0,-80,5,528
1777927758.498871,0.5m,0,-80,5,525
1777927758.553525,0.5m,0,-79,5,525
1777927758.6045609,0.5m,0,-80,5,527
1777927758.6587882,0.5m,0,-80,5,526
1777927758.714358,0.5m,0,-80,5,530
1777927758.7659252,0.5m,0,-80,5,527
1777927758.819177,0.5m,0,-79,5,523
1777927758.87259,0.5m,0,-81,5,529
1777927758.925929,0.5m,0,-79,5,521
1777927758.981504,0.5m,0,-80,5,531
1777927759.032594,0.5m,0,-80,5,529
1777927759.08574,0.5m,0,-80,5,531
1777927759.139617,0.5m,0,-80,5,528
1777927759.1952698,0.5m,0,-80,5,528
1777927759.2478662,0.5m,0,-79,5,525
1777927759.3003578,0.5m,0,-80,5,527
1777927759.3527849,0.5m,0,-81,5,528
1777927759.4074361,0.5m,0,-80,5,529
1777927759.461015,0.5m,0,-81,5,530
1777927759.517388,0.5m,0,-81,5,532
1777927759.56572,0.5m,0,-80,5,527
1777927759.620959,0.5m,0,-79,5,525
1777927759.672954,0.5m,0,-80,5,529
1777927759.729044,0.5m,0,-80,5,527
1777927759.784393,0.5m,0,-80,5,530
1777927759.8327732,0.5m,0,-80,5,528
1777927759.887541,0.5m,0,-81,5,529
1777927759.9406762,0.5m,0,-81,5,528
1777927759.9952362,0.5m,0,-80,5,526
1777927760.051321,0.5m,0,-81,5,528
1777927760.099413,0.5m,0,-81,5,530
1777927760.156849,0.5m,0,-80,6,528
1777927760.211572,0.5m,0,-81,5,533
1777927760.2650418,0.5m,0,-80,5,530
1777927760.31937,0.5m,0,-80,5,529
1777927760.3704472,0.5m,0,-81,5,529
1777927760.425208,0.5m,0,-80,5,530
1777927760.4804292,0.5m,0,-80,4,528
1777927760.531465,0.5m,0,-78,4,527
1777927760.586671,0.5m,0,-80,5,529
1777927760.639162,0.5m,0,-79,5,531
1777927760.693821,0.5m,0,-78,5,528
1777927760.750129,0.5m,0,-79,5,530
1777927760.799648,0.5m,0,-78,5,528
1777927760.8517592,0.5m,0,-79,5,529
1777927760.905617,0.5m,0,-78,5,526
1777927760.961184,0.5m,0,-78,5,527
1777927761.018029,0.5m,0,-78,5,528
1777927761.067363,0.5m,0,-78,4,529
1777927761.12001,0.5m,0,-78,5,529
1777927761.174952,0.5m,0,-78,5,527
1777927761.2317371,0.5m,0,-77,5,526
1777927761.28615,0.5m,0,-77,5,526
1777927761.3356102,0.5m,0,-77,4,525
1777927761.386622,0.5m,0,-77,6,526
1777927761.449087,0.5m,0,-77,6,528
1777927761.497398,0.5m,0,-77,6,522
1777927761.5497768,0.5m,0,-78,6,528
1777927761.605555,0.5m,0,-78,5,527
1777927761.6564329,0.5m,0,-77,6,526
1777927761.712659,0.5m,0,-78,5,528
1777927761.7644439,0.5m,0,-77,5,525
1777927761.81887,0.5m,0,-77,6,525
1777927761.868573,0.5m,0,-77,5,524
1777927761.921449,0.5m,0,-77,6,526
1777927761.981853,0.5m,0,-76,5,518
1777927762.032084,0.5m,0,-77,5,525
1777927762.083022,0.5m,0,-77,6,526
1777927762.140597,0.5m,0,-78,5,528
1777927762.194147,0.5m,0,-77,5,526
1777927762.250731,0.5m,0,-77,5,526
1777927762.299414,0.5m,0,-77,5,525
1777927762.352108,0.5m,0,-78,5,528
1777927762.406021,0.5m,0,-78,6,529
1777927762.457713,0.5m,0,-78,6,525
1777927762.5275662,0.5m,0,-78,5,527
1777927762.5662348,0.5m,0,-79,5,528
1777927762.6185899,0.5m,0,-79,5,530
1777927762.674457,0.5m,0,-80,5,527
1777927762.728039,0.5m,0,-79,5,528
1777927762.783166,0.5m,0,-80,5,533
1777927762.832778,0.5m,0,-80,5,533
1777927762.886053,0.5m,0,-80,5,532
1777927762.940767,0.5m,0,-78,5,527
1777927762.99722,0.5m,0,-78,6,530
1777927763.0503192,0.5m,0,-77,6,523
1777927763.09846,0.5m,0,-78,5,527
1777927763.153041,0.5m,0,-78,7,528
1777927763.208064,0.5m,0,-78,6,527
1777927763.262989,0.5m,0,-77,6,530
1777927763.318937,0.5m,0,-78,6,530
1777927763.36848,0.5m,0,-77,6,527
1777927763.426301,0.5m,0,-78,6,529
1777927763.483829,0.5m,0,-78,6,528
1777927763.531494,0.5m,0,-78,6,527
1777927763.584577,0.5m,0,-77,6,525
1777927763.639822,0.5m,0,-77,5,525
1777927763.692681,0.5m,0,-77,6,526
1777927763.750025,0.5m,0,-78,6,529
1777927763.7984262,0.5m,0,-77,6,526
1777927763.8523772,0.5m,0,-77,6,525
1777927763.907027,0.5m,0,-77,6,525
1777927763.958751,0.5m,0,-78,6,527
1777927764.0167959,0.5m,0,-77,6,523
1777927764.0660632,0.5m,0,-77,7,525
1777927764.1197371,0.5m,0,-77,5,525
1777927764.173683,0.5m,0,-77,7,525
1777927764.230345,0.5m,0,-77,7,525
1777927764.282478,0.5m,0,-77,6,526
1777927764.331823,0.5m,0,-77,6,526
1777927764.386772,0.5m,0,-77,5,526
1777927764.441113,0.5m,0,-77,7,525
1777927764.496852,0.5m,0,-77,6,525
1777927764.5518231,0.5m,0,-78,6,526
1777927764.6030989,0.5m,0,-78,6,528
1777927764.652591,0.5m,0,-80,6,526
1777927764.714837,0.5m,0,-78,6,525
1777927764.763375,0.5m,0,-78,7,523
1777927764.818756,0.5m,0,-78,7,524
1777927764.870076,0.5m,0,-78,7,523
1777927764.924308,0.5m,0,-78,7,522
1777927764.98316,0.5m,0,-78,7,525
1777927765.030984,0.5m,0,-80,7,528
1777927765.0833101,0.5m,0,-78,7,529
1777927765.1384692,0.5m,0,-78,6,528
1777927765.1953259,0.5m,0,-78,7,528
1777927765.2501829,0.5m,0,-77,7,520
1777927765.299705,0.5m,0,-78,5,526
1777927765.352465,0.5m,0,-78,7,526
1777927765.409524,0.5m,0,-77,6,526
1777927765.463617,0.5m,0,-78,6,527
1777927765.52021,0.5m,0,-78,6,525
1777927765.56941,0.5m,0,-78,6,526
1777927765.623945,0.5m,0,-78,6,528
1777927765.6790028,0.5m,0,-80,6,526
1777927765.73051,0.5m,0,-80,6,529
1777927765.785332,0.5m,0,-79,6,529
1777927765.8346372,0.5m,0,-78,6,528
1777927765.889218,0.5m,0,-78,6,528
1777927765.949504,0.5m,0,-78,6,526
1777927765.997343,0.5m,0,-78,7,525
1777927766.0513139,0.5m,0,-77,6,526
1777927766.103646,0.5m,0,-78,7,528
1777927766.157832,0.5m,0,-78,6,528
1777927766.215998,0.5m,0,-78,6,528
1777927766.264873,0.5m,0,-78,6,527
1777927766.319812,0.5m,0,-78,5,528
1777927766.372759,0.5m,0,-78,7,528
1777927766.429193,0.5m,0,-77,6,524
1777927766.4852412,0.5m,0,-78,7,528
1777927766.534789,0.5m,0,-77,7,526
1777927766.58544,0.5m,0,-78,6,527
1777927766.645167,0.5m,0,-77,7,524
1777927766.696712,0.5m,0,-77,6,525
1777927766.750336,0.5m,0,-78,7,527
1777927766.806184,0.5m,0,-77,7,525
1777927766.859122,0.5m,0,-78,6,529
1777927766.9162922,0.5m,0,-77,7,526
1777927766.966092,0.5m,0,-77,7,525
1777927767.0186088,0.5m,0,-78,7,527
1777927767.072316,0.5m,0,-77,7,525
1777927767.127717,0.5m,0,-77,7,526
1777927767.182818,0.5m,0,-78,7,527
1777927767.230978,0.5m,0,-77,6,526
1777927767.287242,0.5m,0,-77,6,524
1777927767.344631,0.5m,0,-77,6,522
1777927767.396651,0.5m,0,-77,7,525
1777927767.451818,0.5m,0,-78,7,528
1777927767.50474,0.5m,0,-77,6,525
1777927767.556652,0.5m,0,-78,7,529
1777927767.612375,0.5m,0,-78,6,527
1777927767.664656,0.5m,0,-78,7,529
1777927767.72041,0.5m,0,-78,7,529
1777927767.7708359,0.5m,0,-78,7,529
1777927767.824825,0.5m,0,-78,8,528
1777927767.8782852,0.5m,0,-78,8,528
1777927767.929773,0.5m,0,-77,7,523
1777927767.985931,0.5m,0,-78,7,529
1777927768.037482,0.5m,0,-78,7,525
1777927768.090993,0.5m,0,-78,7,529
1777927768.149272,0.5m,0,-78,6,527
1777927768.200146,0.5m,0,-77,8,524
1777927768.253033,0.5m,0,-78,6,527
1777927768.313604,0.5m,0,-78,7,528
1777927768.362947,0.5m,0,-77,6,525
1777927768.4150798,0.5m,0,-78,7,525
1777927768.472233,0.5m,0,-77,7,526
1777927768.5221388,0.5m,0,-78,6,528
1777927768.578337,0.5m,0,-79,6,529
1777927768.630501,0.5m,0,-78,7,525
1777927768.68589,0.5m,0,-78,7,528
1777927768.737715,0.5m,0,-78,7,529
1777927768.791392,0.5m,0,-79,6,531
1777927768.847998,0.5m,0,-79,7,529
1777927768.897148,0.5m,0,-79,7,529
1777927768.9579918,0.5m,0,-78,7,528
1777927769.007259,0.5m,0,-78,6,528
1777927769.059632,0.5m,0,-78,7,527
1777927769.1144729,0.5m,0,-78,7,528
1777927769.164659,0.5m,0,-78,6,528
1777927769.221056,0.5m,0,-78,7,530
1777927769.2717571,0.5m,0,-78,7,526
1777927769.3243399,0.5m,0,-78,7,526
1777927769.380043,0.5m,0,-79,8,531
1777927769.4316301,0.5m,0,-78,7,530
1777927769.486868,0.5m,0,-78,7,526
1777927769.5378308,0.5m,0,-79,8,530
1777927769.594387,0.5m,0,-78,7,530
1777927769.6474729,0.5m,0,-77,8,526
1777927769.698236,0.5m,0,-78,7,528
1777927769.758144,0.5m,0,-79,8,530
1777927769.805975,0.5m,0,-78,8,530
1777927769.8609438,0.5m,0,-78,8,526
1777927769.919671,0.5m,0,-78,8,532
1777927769.9666,0.5m,0,-77,7,525
1777927770.0254989,0.5m,0,-78,7,528
1777927770.073964,0.5m,0,-78,8,526
1777927770.1283379,0.5m,0,-78,7,531
1777927770.182954,0.5m,0,-78,7,527
1777927770.231752,0.5m,0,-77,6,526
1777927770.290922,0.5m,0,-78,8,527
1777927770.344026,0.5m,0,-78,7,532
1777927770.397634,0.5m,0,-77,8,525
1777927770.453449,0.5m,0,-78,8,532
1777927770.5010529,0.5m,0,-78,8,528
1777927770.559838,0.5m,0,-78,8,527
1777927770.615135,0.5m,0,-78,8,528
1777927770.664553,0.5m,0,-78,8,524
1777927770.721378,0.5m,0,-78,8,531
1777927770.774122,0.5m,0,-77,7,525
1777927770.827042,0.5m,0,-78,7,531
1777927770.881057,0.5m,0,-78,8,530
1777927770.932433,0.5m,0,-78,8,528
1777927770.986614,0.5m,0,-78,8,532
1777927771.041194,0.5m,0,-79,7,529
1777927771.0970109,0.5m,0,-78,8,530
1777927771.151107,0.5m,0,-78,8,530
1777927771.200872,0.5m,0,-79,8,532
1777927771.25669,0.5m,0,-78,7,527
1777927771.3098161,0.5m,0,-78,8,527
1777927771.364628,0.5m,0,-78,7,528
1777927771.421223,0.5m,0,-78,8,532
1777927771.470498,0.5m,0,-78,8,529
1777927771.524683,0.5m,0,-78,8,527
1777927771.5801961,0.5m,0,-78,8,528
1777927771.63248,0.5m,0,-78,8,528
1777927771.690148,0.5m,0,-78,7,533
1777927771.73959,0.5m,0,-77,7,525
1777927771.7960598,0.5m,0,-78,8,528
1777927771.8477912,0.5m,0,-78,8,532
1777927771.900352,0.5m,0,-79,7,530
1777927771.953964,0.5m,0,-79,7,530
1777927772.006408,0.5m,0,-78,7,531
1777927772.064163,0.5m,0,-79,8,531
1777927772.115829,0.5m,0,-78,7,533
1777927772.168103,0.5m,0,-78,8,532
1777927772.221502,0.5m,0,-78,8,529
1777927772.275352,0.5m,0,-77,8,526
1777927772.3313081,0.5m,0,-79,7,531
1777927772.384806,0.5m,0,-78,7,529
1777927885.2976909,1.0m,2,355,308,1069
1777927885.3516319,1.0m,2,352,309,1073
1777927885.403924,1.0m,2,347,310,1076
1777927885.456853,1.0m,2,347,311,1075
1777927885.515191,1.0m,2,350,310,1076
1777927885.5653079,1.0m,2,348,312,1080
1777927885.620126,1.0m,2,340,312,1080
1777927885.67611,1.0m,2,344,311,1076
1777927885.724285,1.0m,2,353,311,1080
1777927885.78301,1.0m,2,351,309,1075
1777927885.836169,1.0m,2,348,312,1078
1777927885.8920739,1.0m,2,353,312,1080
1777927885.947009,1.0m,2,355,312,1078
1777927885.9957561,1.0m,2,353,311,1076
1777927886.048408,1.0m,2,351,309,1070
1777927886.1040761,1.0m,2,350,311,1076
1777927886.156482,1.0m,2,349,313,1082
1777927886.21062,1.0m,2,349,313,1081
1777927886.263653,1.0m,2,347,311,1076
1777927886.31806,1.0m,2,348,311,1076
1777927886.3716621,1.0m,2,343,312,1078
1777927886.423598,1.0m,2,350,311,1075
1777927886.481438,1.0m,2,343,311,1077
1777927886.537062,1.0m,2,346,311,1076
1777927886.588948,1.0m,2,338,312,1079
1777927886.642408,1.0m,2,344,309,1070
1777927886.694433,1.0m,2,347,311,1077
1777927886.748265,1.0m,2,341,312,1079
1777927886.808824,1.0m,2,348,312,1078
1777927886.856565,1.0m,2,342,310,1074
1777927886.908586,1.0m,2,348,310,1074
1777927886.96316,1.0m,2,344,312,1079
1777927887.019617,1.0m,2,339,312,1078
1777927887.082031,1.0m,2,352,312,1079
1777927887.12448,1.0m,2,341,311,1075
1777927887.178496,1.0m,2,347,312,1075
1777927887.237922,1.0m,2,350,312,1079
1777927887.288414,1.0m,2,347,311,1075
1777927887.3446,1.0m,2,347,311,1076
1777927887.398164,1.0m,2,336,310,1073
1777927887.451165,1.0m,2,349,312,1078
1777927887.510006,1.0m,2,348,312,1080
1777927887.5557609,1.0m,2,336,312,1078
1777927887.614808,1.0m,2,345,312,1078
1777927887.66528,1.0m,2,341,310,1072
1777927887.7199109,1.0m,2,341,311,1076
1777927887.7757702,1.0m,2,340,312,1078
1777927887.8226938,1.0m,2,338,311,1076
1777927887.877866,1.0m,2,336,311,1077
1777927887.9326222,1.0m,2,347,311,1075
1777927887.9871302,1.0m,2,346,310,1072
1777927888.043124,1.0m,2,338,310,1074
1777927888.090549,1.0m,2,334,310,1073
1777927888.1476429,1.0m,2,343,310,1072
1777927888.200525,1.0m,2,341,311,1075
1777927888.2546072,1.0m,2,340,312,1078
1777927888.308953,1.0m,2,339,310,1078
1777927888.360117,1.0m,2,343,311,1076
1777927888.416959,1.0m,2,338,312,1079
1777927888.471012,1.0m,2,341,313,1081
1777927888.524512,1.0m,2,338,312,1079
1777927888.577523,1.0m,2,346,310,1072
1777927888.6300118,1.0m,2,345,310,1071
1777927888.682265,1.0m,2,339,311,1077
1777927888.7384388,1.0m,2,336,309,1070
1777927888.788678,1.0m,2,334,311,1076
1777927888.846148,1.0m,2,335,311,1075
1777927888.902348,1.0m,2,340,310,1072
1777927888.9564512,1.0m,2,335,312,1080
1777927889.016587,1.0m,2,333,312,1078
1777927889.065034,1.0m,2,342,311,1075
1777927889.116692,1.0m,2,333,311,1077
1777927889.169423,1.0m,2,340,311,1077
1777927889.222611,1.0m,2,343,310,1073
1777927889.2769542,1.0m,2,341,310,1071
1777927889.334864,1.0m,2,342,310,1073
1777927889.388588,1.0m,2,338,312,1078
1777927889.4429739,1.0m,2,336,313,1081
1777927889.492827,1.0m,2,345,312,1079
1777927889.548038,1.0m,2,344,311,1076
1777927889.608223,1.0m,2,338,312,1078
1777927889.656916,1.0m,2,338,312,1079
1777927889.7087958,1.0m,2,336,313,1083
1777927889.765001,1.0m,2,335,311,1076
1777927889.817877,1.0m,2,340,311,1077
1777927889.874465,1.0m,2,337,312,1080
1777927889.9229171,1.0m,2,341,311,1075
1777927889.981193,1.0m,2,337,311,1075
1777927890.031929,1.0m,2,344,311,1076
1777927890.086072,1.0m,2,340,312,1078
1777927890.141483,1.0m,2,347,313,1083
1777927890.190718,1.0m,2,343,311,1076
1777927890.243923,1.0m,2,344,311,1075
1777927890.297915,1.0m,2,342,312,1079
1777927890.354442,1.0m,2,345,312,1078
1777927890.4099898,1.0m,2,339,311,1077
1777927890.458693,1.0m,2,343,311,1076
1777927890.515511,1.0m,2,341,312,1080
1777927890.573644,1.0m,2,343,312,1080
1777927890.620865,1.0m,2,342,311,1075
1777927890.6753511,1.0m,2,336,313,1081
1777927890.7286441,1.0m,2,339,313,1081
1777927890.7815151,1.0m,2,344,311,1077
1777927890.838368,1.0m,2,335,313,1082
1777927890.88914,1.0m,2,339,312,1079
1777927890.942444,1.0m,2,342,312,1078
1777927890.997484,1.0m,2,347,311,1075
1777927891.049767,1.0m,2,344,310,1072
1777927891.108394,1.0m,2,336,310,1072
1777927891.1566541,1.0m,2,340,310,1073
1777927891.2098439,1.0m,2,341,310,1072
1777927891.263942,1.0m,2,344,312,1080
1777927891.317861,1.0m,2,345,311,1075
1777927891.376075,1.0m,2,343,311,1076
1777927891.423299,1.0m,2,337,311,1075
1777927891.4811242,1.0m,2,341,310,1074
1777927891.533608,1.0m,2,342,309,1073
1777927891.5894341,1.0m,2,340,311,1071
1777927891.647202,1.0m,2,340,311,1077
1777927891.695841,1.0m,2,342,311,1075
1777927891.7586272,1.0m,2,345,314,1087
1777927891.823036,1.0m,2,338,315,1089
1777927891.8563251,1.0m,2,341,311,1076
1777927891.9089642,1.0m,2,343,310,1072
1777927891.963722,1.0m,2,343,312,1078
1777927892.0199769,1.0m,2,335,311,1076
1777927892.0755358,1.0m,2,341,310,1072
1777927892.1250172,1.0m,2,338,314,1086
1777927892.182354,1.0m,2,341,312,1079
1777927892.2331111,1.0m,2,343,312,1078
1777927892.2878778,1.0m,2,338,313,1083
1777927892.343693,1.0m,2,340,311,1077
1777927892.391156,1.0m,2,333,311,1077
1777927892.448225,1.0m,2,341,311,1076
1777927892.500749,1.0m,2,337,310,1073
1777927892.553809,1.0m,2,338,311,1075
1777927892.612811,1.0m,2,342,311,1075
1777927892.6623008,1.0m,2,335,311,1076
1777927892.7155042,1.0m,2,339,313,1082
1777927892.7704651,1.0m,2,345,315,1088
1777927892.8220851,1.0m,2,339,315,1089
1777927892.876719,1.0m,2,340,313,1082
1777927892.9294772,1.0m,2,344,311,1075
1777927892.9849741,1.0m,2,338,312,1080
1777927893.0410721,1.0m,2,336,312,1078
1777927893.089018,1.0m,2,341,311,1076
1777927893.14367,1.0m,2,340,310,1072
1777927893.197271,1.0m,2,334,312,1079
1777927893.252774,1.0m,2,342,312,1078
1777927893.3107588,1.0m,2,342,313,1079
1777927893.360673,1.0m,2,344,311,1077
1777927893.4139662,1.0m,2,338,311,1076
1777927893.4746208,1.0m,2,343,311,1077
1777927893.523232,1.0m,2,344,311,1075
1777927893.5734751,1.0m,2,341,315,1088
1777927893.629527,1.0m,2,339,312,1078
1777927893.685516,1.0m,2,344,311,1077
1777927893.740031,1.0m,2,345,311,1075
1777927893.788599,1.0m,2,336,310,1073
1777927893.847401,1.0m,2,339,311,1075
1777927893.898417,1.0m,2,345,310,1073
1777927893.952458,1.0m,2,339,310,1073
1777927894.008272,1.0m,2,344,311,1070
1777927894.055382,1.0m,2,347,313,1079
1777927894.1104069,1.0m,2,334,312,1075
1777927894.165644,1.0m,2,346,314,1082
1777927894.218844,1.0m,2,336,313,1083
1777927894.274256,1.0m,2,346,313,1076
1777927894.322038,1.0m,2,345,313,1082
1777927894.377238,1.0m,2,343,312,1078
1777927894.431241,1.0m,2,345,310,1071
1777927894.483556,1.0m,2,346,310,1074
1777927894.5422678,1.0m,2,345,311,1075
1777927894.591678,1.0m,2,342,310,1074
1777927894.649059,1.0m,2,344,310,1071
1777927894.707627,1.0m,2,342,309,1070
1777927894.755397,1.0m,2,344,309,1070
1777927894.807692,1.0m,2,342,310,1071
1777927894.861839,1.0m,2,339,311,1077
1777927894.917239,1.0m,2,344,311,1076
1777927894.972231,1.0m,2,342,315,1089
1777927895.021348,1.0m,2,342,311,1075
1777927895.075764,1.0m,2,342,312,1078
1777927895.130691,1.0m,2,342,312,1078
1777927895.183667,1.0m,2,343,311,1076
1777927895.239752,1.0m,2,338,311,1076
1777927895.288752,1.0m,2,340,310,1072
1777927895.3425999,1.0m,2,341,310,1074
1777927895.398091,1.0m,2,340,310,1073
1777927895.4522471,1.0m,2,342,310,1073
1777927895.507942,1.0m,2,342,310,1071
1777927895.559642,1.0m,2,341,310,1072
1777927895.613791,1.0m,2,340,310,1072
1777927895.67059,1.0m,2,340,310,1071
1777927895.721023,1.0m,2,342,311,1077
1777927895.776614,1.0m,2,341,310,1071
1777927895.828906,1.0m,2,344,311,1075
1777927895.882113,1.0m,2,339,309,1070
1777927895.938245,1.0m,2,341,311,1075
1777927895.98846,1.0m,2,341,310,1072
1777927896.043206,1.0m,2,338,311,1072
1777927896.0953228,1.0m,2,340,310,1071
1777927896.150323,1.0m,2,340,311,1071
1777927896.208671,1.0m,2,338,313,1076
1777927896.257088,1.0m,2,340,312,1073
1777927896.313619,1.0m,2,335,312,1074
1777927896.368751,1.0m,2,337,313,1076
1777927896.420071,1.0m,2,338,309,1065
1777927896.480382,1.0m,2,341,311,1072
1777927896.524516,1.0m,2,342,310,1074
1777927896.5803578,1.0m,2,338,311,1071
1777927896.641027,1.0m,2,344,311,1070
1777927896.688319,1.0m,2,337,313,1072
1777927896.74092,1.0m,2,340,313,1073
1777927896.7952461,1.0m,2,344,311,1070
1777927896.849024,1.0m,2,337,313,1077
1777927896.906433,1.0m,2,341,311,1071
1777927896.9546702,1.0m,2,345,312,1075
1777927897.0135932,1.0m,2,341,309,1065
1777927897.0637949,1.0m,2,341,308,1061
1777927897.120091,1.0m,2,340,310,1069
1777927897.176276,1.0m,2,342,314,1075
1777927897.222581,1.0m,2,342,311,1071
1777927897.280002,1.0m,2,341,312,1071
1777927897.3326862,1.0m,2,340,310,1071
1777927897.3871622,1.0m,2,345,309,1069
1777927897.443991,1.0m,2,343,310,1069
1777927897.49464,1.0m,2,339,310,1067
1777927897.5518951,1.0m,2,337,311,1066
1777927897.6076438,1.0m,2,340,312,1069
1777927897.655942,1.0m,2,335,312,1071
1777927897.707076,1.0m,2,340,311,1071
1777927897.76542,1.0m,2,342,311,1070
1777927897.817177,1.0m,2,340,310,1066
1777927897.873155,1.0m,2,344,309,1070
1777927897.9234712,1.0m,2,343,310,1069
1777927897.9797308,1.0m,2,338,309,1065
1777927898.03189,1.0m,2,343,310,1067
1777927898.084479,1.0m,2,339,310,1073
1777927898.14158,1.0m,2,346,313,1076
1777927898.188545,1.0m,2,335,312,1074
1777927898.2451031,1.0m,2,346,312,1078
1777927898.297164,1.0m,2,339,310,1069
1777927898.352501,1.0m,2,340,310,1069
1777927898.408371,1.0m,2,342,310,1074
1777927898.457361,1.0m,2,342,309,1065
1777927898.512127,1.0m,2,341,309,1070
1777927898.573743,1.0m,2,342,312,1075
1777927898.621264,1.0m,2,343,310,1067
1777927898.6741068,1.0m,2,339,309,1065
1777927898.72948,1.0m,2,342,310,1074
1777927898.780711,1.0m,2,343,309,1069
1777927898.834295,1.0m,2,341,310,1072
1777927898.889055,1.0m,2,342,313,1078
1777927898.941844,1.0m,2,341,312,1074
1777927898.995774,1.0m,2,344,312,1075
1777927899.051245,1.0m,2,342,312,1075
1777927899.106571,1.0m,2,339,312,1075
1777927899.1556852,1.0m,2,340,310,1069
1777927899.2129521,1.0m,2,345,309,1073
1777927899.267081,1.0m,2,341,310,1067
1777927899.320503,1.0m,2,343,308,1072
1777927899.375417,1.0m,2,344,311,1072
1777927899.4277818,1.0m,2,343,310,1066
1777927899.479371,1.0m,2,341,310,1067
1777927899.535681,1.0m,2,341,311,1071
1777927899.5872908,1.0m,2,343,312,1074
1777927899.642945,1.0m,2,344,311,1070
1777927899.696553,1.0m,2,342,312,1073
1777927899.749303,1.0m,2,340,313,1077
1777927899.804115,1.0m,2,346,313,1076
1777927899.853407,1.0m,2,345,312,1075
1777927899.911155,1.0m,2,344,312,1075
1777927899.9686248,1.0m,2,345,312,1075
1777927900.0184572,1.0m,2,346,312,1074
1777927900.076385,1.0m,2,344,313,1077
1777927900.126614,1.0m,2,338,312,1074
1777927900.1795452,1.0m,2,338,313,1076
1777927900.236009,1.0m,2,346,313,1077
1777927900.291397,1.0m,2,342,312,1075
1777927995.876537,1.5m,0,285,455,1574
1777927995.92975,1.5m,0,287,461,1586
1777927995.9906209,1.5m,0,289,458,1586
1777927996.039427,1.5m,0,284,459,1581
1777927996.097014,1.5m,0,284,456,1576
1777927996.1494248,1.5m,0,284,456,1579
1777927996.203072,1.5m,0,284,456,1576
1777927996.255784,1.5m,0,283,455,1574
1777927996.3049111,1.5m,0,284,457,1581
1777927996.359391,1.5m,0,281,453,1565
1777927996.415833,1.5m,0,284,455,1581
1777927996.471123,1.5m,0,286,456,1576
1777927996.526714,1.5m,0,284,454,1570
1777927996.578957,1.5m,0,285,455,1574
1777927996.629903,1.5m,0,286,455,1581
1777927996.687114,1.5m,0,289,453,1574
1777927996.738105,1.5m,0,287,452,1570
1777927996.792764,1.5m,0,286,454,1576
1777927996.847801,1.5m,0,284,454,1570
1777927996.901435,1.5m,0,284,450,1565
1777927996.958133,1.5m,0,284,454,1570
1777927997.005147,1.5m,0,285,454,1572
1777927997.0593421,1.5m,0,283,455,1574
1777927997.1180851,1.5m,0,282,454,1570
1777927997.1704519,1.5m,0,282,454,1570
1777927997.226419,1.5m,0,282,453,1567
1777927997.2764878,1.5m,0,281,454,1572
1777927997.329906,1.5m,0,283,457,1572
1777927997.387452,1.5m,0,283,455,1574
1777927997.43859,1.5m,0,283,457,1574
1777927997.4937532,1.5m,0,283,457,1572
1777927997.546504,1.5m,0,282,455,1567
1777927997.5997791,1.5m,0,284,454,1579
1777927997.6579998,1.5m,0,284,456,1576
1777927997.7064588,1.5m,0,280,453,1567
1777927997.759892,1.5m,0,283,453,1574
1777927997.81264,1.5m,0,283,454,1572
1777927997.869623,1.5m,0,284,456,1576
1777927997.9254,1.5m,0,281,453,1565
1777927997.976137,1.5m,0,283,454,1572
1777927998.030414,1.5m,0,283,454,1572
1777927998.08,1.5m,0,286,454,1576
1777927998.135954,1.5m,0,284,453,1567
1777927998.191742,1.5m,0,283,454,1572
1777927998.240618,1.5m,0,283,454,1572
1777927998.293198,1.5m,0,283,455,1574
1777927998.348225,1.5m,0,282,454,1570
1777927998.40316,1.5m,0,283,455,1574
1777927998.4583008,1.5m,0,281,456,1576
1777927998.508252,1.5m,0,282,454,1570
1777927998.562077,1.5m,0,283,454,1572
1777927998.623737,1.5m,0,281,454,1576
1777927998.674005,1.5m,0,280,456,1570
1777927998.7247941,1.5m,0,281,456,1576
1777927998.780355,1.5m,0,281,454,1572
1777927998.8334038,1.5m,0,282,456,1579
1777927998.891186,1.5m,0,281,454,1572
1777927998.940214,1.5m,0,281,455,1574
1777927998.997834,1.5m,0,281,452,1572
1777927999.048754,1.5m,0,280,454,1570
1777927999.104189,1.5m,0,284,454,1570
1777927999.159463,1.5m,0,285,458,1583
1777927999.208834,1.5m,0,286,456,1576
1777927999.263136,1.5m,0,284,451,1567
1777927999.318825,1.5m,0,285,453,1574
1777927999.3713942,1.5m,0,283,452,1572
1777927999.4300108,1.5m,0,285,454,1572
1777927999.478302,1.5m,0,285,452,1572
1777927999.532873,1.5m,0,284,451,1567
1777927999.590327,1.5m,0,284,454,1576
1777927999.6381388,1.5m,0,285,453,1574
1777927999.691935,1.5m,0,284,456,1576
1777927999.741981,1.5m,0,280,454,1570
1777927999.79854,1.5m,0,283,454,1572
1777927999.853329,1.5m,0,284,453,1567
1777927999.905605,1.5m,0,280,454,1570
1777927999.958154,1.5m,0,281,454,1572
1777928000.011062,1.5m,0,283,454,1572
1777928000.065165,1.5m,0,281,456,1576
1777928000.124904,1.5m,0,280,454,1570
1777928000.171551,1.5m,0,283,453,1574
1777928000.2259352,1.5m,0,281,458,1576
1777928000.278833,1.5m,0,282,456,1579
1777928000.33433,1.5m,0,280,453,1567
1777928000.391016,1.5m,0,281,456,1576
1777928000.4411259,1.5m,0,280,456,1570
1777928000.4953542,1.5m,0,281,457,1574
1777928000.557129,1.5m,0,281,457,1572
1777928000.603719,1.5m,0,280,456,1570
1777928000.658849,1.5m,0,281,456,1576
1777928000.71071,1.5m,0,281,457,1572
1777928000.763881,1.5m,0,281,455,1574
1777928000.822657,1.5m,0,284,456,1576
1777928000.8736231,1.5m,0,283,454,1572
1777928000.926049,1.5m,0,282,457,1581
1777928000.978424,1.5m,0,281,454,1572
1777928001.032736,1.5m,0,283,460,1583
1777928001.089972,1.5m,0,281,457,1574
1777928001.1402218,1.5m,0,281,457,1572
1777928001.1965382,1.5m,0,281,457,1574
1777928001.249501,1.5m,0,281,454,1572
1777928001.304252,1.5m,0,281,457,1572
1777928001.357437,1.5m,0,281,454,1572
1777928001.407905,1.5m,0,281,457,1574
1777928001.4633348,1.5m,0,281,454,1572
1777928001.5229492,1.5m,0,280,453,1567
1777928001.571231,1.5m,0,280,453,1567
1777928001.62181,1.5m,0,280,454,1570
1777928001.678494,1.5m,0,281,454,1572
1777928001.729941,1.5m,0,281,456,1576
1777928001.788783,1.5m,0,279,454,1563
1777928001.839692,1.5m,0,281,457,1574
1777928001.8945029,1.5m,0,281,457,1574
1777928001.95046,1.5m,0,279,452,1563
1777928002.0011818,1.5m,0,281,457,1574
1777928002.059435,1.5m,0,280,456,1570
1777928002.1144161,1.5m,0,279,455,1565
1777928002.1645708,1.5m,0,279,455,1565
1777928002.223653,1.5m,0,281,457,1572
1777928002.270993,1.5m,0,280,456,1570
1777928002.325345,1.5m,0,280,455,1567
1777928002.379394,1.5m,0,281,454,1572
1777928002.4328902,1.5m,0,282,457,1581
1777928002.489014,1.5m,0,281,457,1574
1777928002.5377731,1.5m,0,281,457,1574
1777928002.593097,1.5m,0,281,457,1572
1777928002.653549,1.5m,0,280,455,1567
1777928002.702488,1.5m,0,280,454,1570
1777928002.763485,1.5m,0,281,457,1574
1777928002.807982,1.5m,0,281,457,1574
1777928002.862494,1.5m,0,281,457,1574
1777928002.922548,1.5m,0,281,457,1574
1777928002.97343,1.5m,0,281,458,1576
1777928003.0247612,1.5m,0,281,454,1572
1777928003.075158,1.5m,0,281,454,1572
1777928003.130047,1.5m,0,280,456,1570
1777928003.1846788,1.5m,0,281,454,1572
1777928003.237518,1.5m,0,280,452,1570
1777928003.294858,1.5m,0,282,456,1579
1777928003.343938,1.5m,0,280,455,1567
1777928003.399721,1.5m,0,281,453,1565
1777928003.454998,1.5m,0,279,455,1565
1777928003.505452,1.5m,0,280,456,1570
1777928003.558559,1.5m,0,281,457,1572
1777928003.614174,1.5m,0,281,452,1572
1777928003.6672971,1.5m,0,281,457,1572
1777928003.723613,1.5m,0,281,455,1574
1777928003.772543,1.5m,0,281,456,1576
1777928003.824393,1.5m,0,281,457,1574
1777928003.8819609,1.5m,0,281,456,1576
1777928003.93151,1.5m,0,281,458,1576
1777928003.989546,1.5m,0,281,455,1574
1777928004.037777,1.5m,0,282,459,1579
1777928004.09257,1.5m,0,281,457,1572
1777928004.148454,1.5m,0,280,456,1570
1777928004.203361,1.5m,0,281,457,1572
1777928004.261312,1.5m,0,278,457,1572
1777928004.30959,1.5m,0,278,457,1572
1777928004.365132,1.5m,0,282,456,1579
1777928004.421587,1.5m,0,278,456,1570
1777928004.4724941,1.5m,0,279,457,1574
1777928004.5274198,1.5m,0,281,457,1572
1777928004.578916,1.5m,0,278,456,1570
1777928004.63404,1.5m,0,281,458,1576
1777928004.690806,1.5m,0,279,457,1574
1777928004.7383418,1.5m,0,281,458,1576
1777928004.7928681,1.5m,0,279,458,1576
1777928004.848085,1.5m,0,280,459,1579
1777928004.903336,1.5m,0,278,457,1572
1777928004.961349,1.5m,0,281,457,1574
1777928005.012086,1.5m,0,279,458,1576
1777928005.06481,1.5m,0,282,459,1579
1777928005.1187499,1.5m,0,280,459,1579
1777928005.171798,1.5m,0,279,458,1576
1777928005.222225,1.5m,0,279,457,1574
1777928005.27817,1.5m,0,278,457,1572
1777928005.3310468,1.5m,0,278,456,1570
1777928005.389819,1.5m,0,279,458,1576
1777928005.4385972,1.5m,0,279,458,1576
1777928005.491932,1.5m,0,278,455,1567
1777928005.547214,1.5m,0,278,456,1570
1777928005.601992,1.5m,0,279,458,1576
1777928005.656637,1.5m,0,278,457,1572
1777928005.7071621,1.5m,0,278,455,1567
1777928005.763347,1.5m,0,278,457,1572
1777928005.8235562,1.5m,0,279,458,1576
1777928005.869217,1.5m,0,278,457,1572
1777928005.924884,1.5m,0,278,456,1570
1777928005.978215,1.5m,0,279,458,1576
1777928006.0379388,1.5m,0,280,459,1579
1777928006.089321,1.5m,0,280,459,1579
1777928006.1395688,1.5m,0,280,459,1579
1777928006.195586,1.5m,0,278,457,1572
1777928006.254793,1.5m,0,280,459,1581
1777928006.3041558,1.5m,0,278,455,1567
1777928006.35685,1.5m,0,280,459,1579
1777928006.4096599,1.5m,0,278,456,1570
1777928006.464077,1.5m,0,278,457,1572
1777928006.517269,1.5m,0,278,457,1572
1777928006.570029,1.5m,0,279,457,1574
1777928006.624737,1.5m,0,278,457,1572
1777928006.6775491,1.5m,0,279,457,1574
1777928006.73429,1.5m,0,279,457,1574
1777928006.7905128,1.5m,0,278,457,1572
1777928006.839707,1.5m,0,279,457,1574
1777928006.894896,1.5m,0,279,458,1576
1777928006.953644,1.5m,0,278,456,1570
1777928007.002413,1.5m,0,278,457,1572
1777928007.0551739,1.5m,0,279,458,1576
1777928007.111855,1.5m,0,278,455,1567
1777928007.1638799,1.5m,0,279,457,1574
1777928007.21837,1.5m,0,280,459,1579
1777928007.271494,1.5m,0,278,457,1572
1777928007.323384,1.5m,0,274,457,1572
1777928007.377716,1.5m,0,277,457,1574
1777928007.430496,1.5m,0,276,457,1572
1777928007.487639,1.5m,0,276,457,1572
1777928007.536161,1.5m,0,275,457,1574
1777928007.5952482,1.5m,0,274,457,1572
1777928007.646073,1.5m,0,277,457,1574
1777928007.701199,1.5m,0,279,458,1576
1777928007.75765,1.5m,0,274,457,1572
1777928007.805551,1.5m,0,277,457,1574
1777928007.863471,1.5m,0,278,460,1583
1777928007.920373,1.5m,0,276,457,1572
1777928007.968346,1.5m,0,277,457,1574
1777928008.023548,1.5m,0,276,457,1572
1777928008.0765948,1.5m,0,279,458,1576
1777928008.1287181,1.5m,0,280,459,1581
1777928008.1855948,1.5m,0,280,459,1581
1777928008.2368152,1.5m,0,278,457,1572
1777928008.295357,1.5m,0,280,459,1579
1777928008.3413088,1.5m,0,279,458,1576
1777928008.39528,1.5m,0,278,456,1570
1777928008.4539719,1.5m,0,278,457,1572
1777928008.503743,1.5m,0,278,457,1572
1777928008.558037,1.5m,0,278,457,1572
1777928008.612604,1.5m,0,281,457,1572
1777928008.668239,1.5m,0,280,456,1570
1777928008.7234051,1.5m,0,279,458,1576
1777928008.775559,1.5m,0,281,457,1574
1777928008.824255,1.5m,0,278,456,1570
1777928008.8847558,1.5m,0,281,457,1574
1777928008.935669,1.5m,0,278,456,1570
1777928008.991035,1.5m,0,278,457,1572
1777928009.0428421,1.5m,0,279,457,1574
1777928009.09707,1.5m,0,278,456,1570
1777928009.151893,1.5m,0,279,458,1576
1777928009.204052,1.5m,0,278,456,1570
1777928009.257643,1.5m,0,279,457,1574
1777928009.3109288,1.5m,0,278,455,1567
1777928009.3647518,1.5m,0,278,457,1572
1777928009.421576,1.5m,0,278,455,1567
1777928009.470224,1.5m,0,278,455,1567
1777928009.528634,1.5m,0,279,457,1574
1777928009.5781918,1.5m,0,278,455,1567
1777928009.6332319,1.5m,0,279,458,1576
1777928009.690568,1.5m,0,279,459,1574
1777928009.73921,1.5m,0,278,457,1572
1777928009.793211,1.5m,0,278,456,1570
1777928009.853097,1.5m,0,279,457,1574
1777928009.902436,1.5m,0,278,457,1572
1777928009.954124,1.5m,0,280,459,1581
1777928010.0116491,1.5m,0,278,457,1572
1777928010.068426,1.5m,0,280,459,1581
1777928010.1299992,1.5m,0,278,455,1567
1777928010.176041,1.5m,0,279,457,1574
1777928010.2307909,1.5m,0,279,457,1574
1777928010.2841358,1.5m,0,279,458,1576
1777928010.337165,1.5m,0,279,458,1576
1777928010.389399,1.5m,0,279,458,1576
1777928010.443349,1.5m,0,279,457,1574
1777928010.4967759,1.5m,0,279,458,1576
1777928010.554434,1.5m,0,279,458,1576
1777928010.6048388,1.5m,0,280,459,1579
1777928010.6553721,1.5m,0,279,458,1576
1777928010.710398,1.5m,0,278,455,1567
1777928010.765104,1.5m,0,280,459,1579
1777928010.823093,1.5m,0,281,457,1574
1777928010.8708212,1.5m,0,278,457,1572
